main,0x5000,0x10,main,,0x10,main,,0x10,main,,0x10,main,,0x10,main,,0x10
verify_spl,,0x10,send_init_usb,,0x20,10900C,,0x20,108F60,,0x50,10900C,,0x20,108F60,,0x50
verify_and_exec,,0x20,105744,,0x30,reopen_usbdl,,0x10,reopen_usbdl,,0x10,verify_and_exec,,0x20,verify_and_exec,,0x20
validate_image,,0x50,recovery_mode_usb,,0x30,send_init_usb,,0x20,send_init_usb,,0x20,validate_image,,0x50,validate_image,,0x50
validate_rsa,,0x150,cmd_exec_usb,,0x10,105744,,0x30,105744,,0x30,validate_rsa,,0x150,validate_rsa,,0x150
do_rsa_powmod,,0x50,verify_and_exec,,0x20,recovery_mode_usb,,0x30,recovery_mode_usb,,0x30,do_rsa_powmod,,0x50,do_rsa_powmod,,0x50
do_rsa_powmod_0,,0x140,validate_image,,0x50,cmd_exec_usb,,0x10,cmd_exec_usb,,0x10,do_rsa_powmod_0,,0x140,do_rsa_powmod_0,,0x140
rsa,,0x40,validate_rsa,,0x150,verify_and_exec,,0x20,verify_and_exec,,0x20,rsa,,0x40,rsa,,0x40
byteswap_for_rsa,,0x30,do_rsa_powmod,,0x50,validate_image,,0x50,validate_image,,0x50,byteswap_for_rsa,,0x30,byteswap_for_rsa,,0x30
save_to_mem,,0x30,do_rsa_powmod_0,,0x140,validate_rsa,,0x150,validate_rsa,,0x150,save_to_mem,,0x30,save_to_mem,,0x30
,0x4bf8,,rsa,,0x40,do_rsa_powmod,,0x50,do_rsa_powmod,,0x50,,0x4be8,,,0x4bb8,
,,,byteswap_for_rsa,,0x30,do_rsa_powmod_0,,0x140,do_rsa_powmod_0,,0x140,,,,,,
,,,save_to_mem,,0x30,rsa,,0x40,rsa,,0x40,,,,,,
,,,,0x4b78,,byteswap_for_rsa,,0x30,byteswap_for_rsa,,0x30,,,,,,
,,,,,,save_to_mem,,0x30,save_to_mem,,0x30,,,,,,
,,,,,,,0x4b48,,,0x4b18,,,,,,,
