main,0x4000,0x10,main,,0x10,main,,0x10,main,,0x10,main,,0x10
verify_spl,,0x10,send_init_usb,,0x40,verify_109514 or verify_1095c0,,0x50,verify_109514 or verify_1095c0,,0x50,verify_109514 or verify_1095c0,,0x50
verify_and_exec,,0x20,cmd_exec_usb,,0x10,reopen_usbdl,,0x10,reopen_usbdl,,0x10,verify_and_exec,,0x20
validate_image,,0x50,verify_and_exec,,0x20,send_init_usb,,0x40,verify_and_exec,,0x20,validate_image,,0x50
validate_rsa,,0x190,validate_image,,0x50,cmd_exec_usb,,0x10,validate_image,,0x50,validate_rsa,,0x190
do_rsa_powmod,,0x40,validate_rsa,,0x190,verify_and_exec,,0x20,validate_rsa,,0x190,do_rsa_powmod,,0x40
do_rsa_powmod_0,,0x10,do_rsa_powmod,,0x40,validate_image,,0x50,do_rsa_powmod,,0x40,do_rsa_powmod_0,,0x10
rsa,,0x40,do_rsa_powmod_0,,0x10,validate_rsa,,0x190,do_rsa_powmod_0,,0x10,rsa,,0x40
byteswap_for_rsa,,0x30,rsa,,0x40,do_rsa_powmod,,0x40,rsa,,0x40,byteswap_for_rsa,,0x30
save_to_mem,,0x30,byteswap_for_rsa,,0x30,do_rsa_powmod_0,,0x10,byteswap_for_rsa,,0x30,save_to_mem,,0x30
,0x3cf8,,save_to_mem,,0x30,rsa,,0x40,save_to_mem,,0x30,,0x3cb8,
,,,,0x3cb8,,byteswap_for_rsa,,0x30,,0x3ca8,,,,
,,,,,,save_to_mem,,0x30,,,,,,
,,,,,,,0x3c58,,,,,,,
