func,sp,,,func,sp,,,func,sp,,
save_to_mem,,0x3cf8,x30,save_to_mem,,0x3cb8,x30,save_to_mem,,0x3c58,x30
save_to_mem,,0x3d00,0x3d30,save_to_mem,,0x3cc0,0x3cf0,save_to_mem,,0x3c60,0x3c90
save_to_mem,,0x3d08,,save_to_mem,,0x3cc8,,save_to_mem,,0x3c68,
save_to_mem,,0x3d10,,save_to_mem,,0x3cd0,,save_to_mem,,0x3c70,
save_to_mem,,0x3d18,,save_to_mem,,0x3cd8,,save_to_mem,,0x3c78,
save_to_mem,,0x3d20,,save_to_mem,,0x3ce0,,save_to_mem,,0x3c80,
byteswap_for_rsa,,0x3d28,,byteswap_for_rsa,,0x3ce8,,byteswap_for_rsa,,0x3c88,
,0x3d30,0x3d30,,,0x3cf0,0x3cf0,,,0x3c90,0x3c90,
,,0x3d38,,,,0x3cf8,,,,0x3c98,
,,0x3d40,,,,0x3d00,,,,0x3ca0,
,,0x3d48,,,,0x3d08,,,,0x3ca8,
,,0x3d50,,,,0x3d10,,,,0x3cb0,
rsa_1,,0x3d58,,rsa_1,,0x3d18,,rsa_1,,0x3cb8,
,,0x3d60,,,,0x3d20,,,,0x3cc0,
,,0x3d68,,,,0x3d28,,,,0x3cc8,
,,0x3d70,,,,0x3d30,,,,0x3cd0,
,,0x3d78,,,,0x3d38,,,,0x3cd8,
,,0x3d80,,,,0x3d40,,,,0x3ce0,
,,0x3d88,,,,0x3d48,,,,0x3ce8,
,,0x3d90,,,,0x3d50,,,,0x3cf0,
do_rsa_powmod_0,,0x3d98,,do_rsa_powmod_0,,0x3d58,,do_rsa_powmod_0,,0x3cf8,
,,0x3da0,,,,0x3d60,,,,0x3d00,
do_rsa_powmod,,0x3da8,,do_rsa_powmod,,0x3d68,,do_rsa_powmod,,0x3d08,
,,0x3db0,,,,0x3d70,,,,0x3d10,
,,0x3db8,,,,0x3d78,,,,0x3d18,
,,0x3dc0,,,,0x3d80,,,,0x3d20,
,,0x3dc8,,,,0x3d88,,,,0x3d28,
,,0x3dd0,,,,0x3d90,,,,0x3d30,
,,0x3dd8,,,,0x3d98,,,,0x3d38,
,,0x3de0,,,,0x3da0,,,,0x3d40,
validate_rsa,,0x3de8,,validate_rsa,,0x3da8,,validate_rsa,,0x3d48,
,,0x3df0,,,,0x3db0,,,,0x3d50,
,,0x3df8,,,,0x3db8,,,,0x3d58,
,,0x3e00,,,,0x3dc0,,,,0x3d60,
,,0x3e08,,,,0x3dc8,,,,0x3d68,
,,0x3e10,,,,0x3dd0,,,,0x3d70,
,,0x3e18,,,,0x3dd8,,,,0x3d78,
,,0x3e20,,,,0x3de0,,,,0x3d80,
,,0x3e28,,,,0x3de8,,,,0x3d88,
,,0x3e30,,,,0x3df0,,,,0x3d90,
,,0x3e38,,,,0x3df8,,,,0x3d98,
,,0x3e40,,,,0x3e00,,,,0x3da0,
,,0x3e48,,,,0x3e08,,,,0x3da8,
,,0x3e50,,,,0x3e10,,,,0x3db0,
,,0x3e58,,,,0x3e18,,,,0x3db8,
,,0x3e60,,,,0x3e20,,,,0x3dc0,
,,0x3e68,,,,0x3e28,,,,0x3dc8,
,,0x3e70,,,,0x3e30,,,,0x3dd0,
,,0x3e78,,,,0x3e38,,,,0x3dd8,
,,0x3e80,,,,0x3e40,,,,0x3de0,
,,0x3e88,,,,0x3e48,,,,0x3de8,
,,0x3e90,,,,0x3e50,,,,0x3df0,
,,0x3e98,,,,0x3e58,,,,0x3df8,
,,0x3ea0,,,,0x3e60,,,,0x3e00,
,,0x3ea8,,,,0x3e68,,,,0x3e08,
,,0x3eb0,,,,0x3e70,,,,0x3e10,
,,0x3eb8,,,,0x3e78,,,,0x3e18,
,,0x3ec0,,,,0x3e80,,,,0x3e20,
,,0x3ec8,,,,0x3e88,,,,0x3e28,
,,0x3ed0,,,,0x3e90,,,,0x3e30,
,,0x3ed8,,,,0x3e98,,,,0x3e38,
,,0x3ee0,,,,0x3ea0,,,,0x3e40,
,,0x3ee8,,,,0x3ea8,,,,0x3e48,
,,0x3ef0,,,,0x3eb0,,,,0x3e50,
,,0x3ef8,,,,0x3eb8,,,,0x3e58,
,,0x3f00,,,,0x3ec0,,,,0x3e60,
,,0x3f08,,,,0x3ec8,,,,0x3e68,
,,0x3f10,,,,0x3ed0,,,,0x3e70,
,,0x3f18,,,,0x3ed8,,,,0x3e78,
,,0x3f20,,,,0x3ee0,,,,0x3e80,
,,0x3f28,,,,0x3ee8,,,,0x3e88,
,,0x3f30,,,,0x3ef0,,,,0x3e90,
,,0x3f38,,,,0x3ef8,,,,0x3e98,
,,0x3f40,,,,0x3f00,,,,0x3ea0,
,,0x3f48,,,,0x3f08,,,,0x3ea8,
,,0x3f50,,,,0x3f10,,,,0x3eb0,
,,0x3f58,,,,0x3f18,,,,0x3eb8,
,,0x3f60,,,,0x3f20,,,,0x3ec0,
,,0x3f68,,,,0x3f28,,,,0x3ec8,
,,0x3f70,,,,0x3f30,,,,0x3ed0,
validate_image,,0x3f78,,validate_image,,0x3f38,,validate_image,,0x3ed8,
validate_image,,0x3f80,,validate_image,,0x3f40,,validate_image,,0x3ee0,
validate_image,,0x3f88,,validate_image,,0x3f48,,validate_image,,0x3ee8,
validate_image,,0x3f90,,validate_image,,0x3f50,,validate_image,,0x3ef0,
validate_image,,0x3f98,,validate_image,,0x3f58,,validate_image,,0x3ef8,
validate_image,,0x3fa0,,validate_image,,0x3f60,,validate_image,,0x3f00,
validate_image,,0x3fa8,,validate_image,,0x3f68,,validate_image,,0x3f08,
validate_image,,0x3fb0,,validate_image,,0x3f70,,validate_image,,0x3f10,
validate_image,,0x3fb8,,validate_image,,0x3f78,,validate_image,,0x3f18,
validate_image,,0x3fc0,,validate_image,,0x3f80,,validate_image,,0x3f20,
verify_and_exec,,0x3fc8,,verify_and_exec,,0x3f88,,verify_and_exec,,0x3f28,
verify_and_exec,,0x3fd0,,verify_and_exec,,0x3f90,,verify_and_exec,,0x3f30,
verify_and_exec,,0x3fd8,,verify_and_exec,,0x3f98,,verify_and_exec,,0x3f38,
verify_and_exec,,0x3fe0,,verify_and_exec,,0x3fa0,,verify_and_exec,,0x3f40,
verify_spl,,0x3fe8,,cmd_exec_usb,,0x3fa8,,cmd_exec_usb,,0x3f48,
verify_spl,,0x3ff0,,cmd_exec_usb,,0x3fb0,,cmd_exec_usb,,0x3f50,
main,,0x3ff8,,send_init_usb,,0x3fb8,,send_init_usb,,0x3f58,
main,,0x4000,,send_init_usb,,0x3fc0,,send_init_usb,,0x3f60,
,,,,send_init_usb,,0x3fc8,,send_init_usb,,0x3f68,
,,,,send_init_usb,,0x3fd0,,send_init_usb,,0x3f70,
,,,,send_init_usb,,0x3fd8,,send_init_usb,,0x3f78,
,,,,send_init_usb,,0x3fe0,,send_init_usb,,0x3f80,
,,,,send_init_usb,,0x3fe8,,send_init_usb,,0x3f88,
,,,,send_init_usb,,0x3ff0,,send_init_usb,,0x3f90,
,,,,main,,0x3ff8,,reopen_usbdl,,0x3f98,
,,,,main,,0x4000,,reopen_usbdl,,0x3fa0,
,,,,,,,,verify_109514 or verify_1095c0,,0x3fa8,
,,,,,,,,verify_109514 or verify_1095c0,,0x3fb0,
,,,,,,,,verify_109514 or verify_1095c0,,0x3fb8,
,,,,,,,,verify_109514 or verify_1095c0,,0x3fc0,
,,,,,,,,verify_109514 or verify_1095c0,,0x3fc8,
,,,,,,,,verify_109514 or verify_1095c0,,0x3fd0,
,,,,,,,,verify_109514 or verify_1095c0,,0x3fd8,
,,,,,,,,verify_109514 or verify_1095c0,,0x3fe0,
,,,,,,,,verify_109514 or verify_1095c0,,0x3fe8,
,,,,,,,,verify_109514 or verify_1095c0,,0x3ff0,
,,,,,,,,main,,0x3ff8,
,,,,,,,,main,,0x4000,
