main,0x4000,0x10,main,,0x10,main,,0x10
verify_spl,,0x10,send_init_usb,,0x20,107D78,,0x50
verify_and_exec,,0x20,10412C,,0x30,reopen_usbdl,,0x10
validate_image,,0x50,recovery_mode_usb,,0x30,send_init_usb,,0x20
validate_rsa,,0x190,cmd_exec_usb,,0x10,10412C,,0x30
do_rsa_powmod,,0x50,verify_and_exec,,0x20,recovery_mode_usb,,0x30
do_rsa_powmod_0,,0x10,validate_image,,0x50,cmd_exec_usb,,0x10
rsa,,0x40,validate_rsa,,0x190,verify_and_exec,,0x20
byteswap_for_rsa,,0x30,do_rsa_powmod,,0x50,validate_image,,0x50
save_to_mem,,0x30,do_rsa_powmod_0,,0x10,validate_rsa,,0x190
,0x3ce8,,rsa,,0x40,do_rsa_powmod,,0x50
,,,byteswap_for_rsa,,0x30,do_rsa_powmod_0,,0x10
,,,save_to_mem,,0x30,rsa,,0x40
,,,,0x3c68,,byteswap_for_rsa,,0x30
,,,,,,save_to_mem,,0x30
,,,,,,,0x3c08,
